sukses ros,0
percaya punya halter sukses,0
baru nonong asli gosok sangat juang sukses,0
sukses terus,0
salut sukses terus goda blues,0
sukses moga pribadi yogi baik,0
nang keta pas pas video insinerator sukses trusa,0
sumpah keren ni sukses,0
orang sukses sen sen sad,0
sukses benah,0
mahwu sukses abang salut salut,0
ingin sukses kayak gita pemali oke samad derawa lifter,0
yakin hasil sukses terus,0
barep liat video sukses terus,0
pokok da beset sangat inspirasi sukses,0
pilih yogi a sukses dukung terus sekolah elu kenal,0
cerita kayak cerita oret tidak cerai uda sukses tidak sukses abang,0
keren bagus bros salut ngoko nambi putus nak koyak gin sengat bros sukses,0
balik sukses orang orang tidak dila anggap remeh sukses terus,0
mengi inspirasi bengot sukses,0
moga kakak sukses amin,0
peduli heterosis iri sukses kaya,0
syukur selalu ama Tuhan ingat lo yogi nganga sampek kaya gin skor sukses kenal bik hasil kerja keras elo kernai berkat Tuhan,0
terima kasih bangkeh bikin nang nenen derawa liwet,0
kejam sangat ibu,0
alhamdulillah baik kring yu Indonesia,0
yu sukses baik hidup ngarai cara jalan hidup baik terima kasih godok luk,0
gambar bagus introver,0
moga hidup ubah baik terima kasih atas ajar nyak,0
terima kasih abang untung sad nasib syah kaya abang waktu sema tidak teman seput benci tidak sopan lem tahu laku untuk bangkit terima kasih atas nasihat nyak,0
motivasi motivasi untuk ubah hidup baik,0
repet,0
hebat abang baik untuk subsider sampek video,0
halter ganjen disimilasi mulut yogi keras omong sekolah adeh tugas tidak kelar tunakarya begadang tuhu,0
orang orang halte compeng orang orang benci kakak orang orang ngarai tidak tau jalan pikir video derawa lifter ambil sisi positif menaga sisi baik nyak sebut asisten arti anggap bantu percaya video tidak percaya bilang lilit usus jawab Tuhan Maha atur kena sakit kek gigit buaya kek atur Tuhan a ku bilang bilang radon jago garang nilai indigo nyak bagus ngeang betapa capek video derawa lifter derawa lifter edit capek tambah halte compeng kasih lelangse halter radon tantang bikin derawa lifter conteng tarik derawa linyar radon tidak tetap halter ejek sanggup radon tepat buka aib aib teman halter rasa tolong untuk radon tetap karya benci yakin sayang radon tunggu salam ulayat hijrah hasai ayam kelas a sad pamit,0
grup wa momok bilang kalau orang bunuh dirigen nonong derawa lifter tidak bunuh bangga tidak tau sih bengker info modar info nilai derawa lifter inspirasi hidup orang buruk baik maaf salah komeng gua,0
nang sentuh ku semangat ham terima kasih autad video yogi motivasi baik lose,0
guit suka hina tegmen bulbul tegmen buku suka coret gap sabar,0
haru judi juang kernai calon maab judi ken semangat judi baik sukses,0
terima kasih uduh judi baik,0
sedih haru moga baik cerita ambil amin maka,0
didik anak yogi bengker kasi orang baik dahiat mama kasi nang nang,0
rasa malu kurang syukur atas rezeki yogi Tuhan berik hidup baik hidup waktu,0
kadang kadang bingung orang yogi gerisik video bagus kayak gin pesan yogi baik,0
derawa lifter beset cermin orgel kurang pas ibu getu tegas juga karena alhamdulillah karena ibu pribadi yogi baik,0
benara inspirasi sangat teks salam ya ngenas sangat feri yogi baik cantik,0
ni bega moga beri lapang hati nyak moga baik,0
ibu yogi galak mami ala tip log baik katalina,0
godok sangat yogi gas mah dim baik dim dril kecoh,0
sangat kayak cerita hidup bedaya baik banget mama kerja kantor jarang pulang tinggal kakek nenek,0
bagus sangat keren sangat sedih nonong motivasi sangat male maesan ampu male maesan ajar coba biar rajin ampu rajin ajar biar sukses kayak kakak sangat ya uda buka pikir male maesan coba ubah baik sukses terus,0
bakal milir a motivasi untuk ubah baik balik,0
manusia punya salah ayo maaf hakim tau karena ubah pribadi baik dur inti manusia luput dur dosa salah,0
galiot umur hidup nonong yu video suka semenjak nonong usaha untuk baik sangat,0
suka main bea tidak jelas bikin mak marah,0
iya benderang kak emoh kamsen ide,0
kuya dek yogi ikan nyak suka obo obo,0
suka poser rang ultramarin sampek jungkir balik sampek nang,0
kaya gubah suka poser rang sampek gubah teriak,0
suka video,0
wihara bisbol soal suka kak ngeri asal sih,0
ibu suka bengawan gamet baru,0
sedih senang amar suka beset sangat,0
suka bulbul melitofili derawa lifter kata akuk omong belakang arti X,0
komentar deh suka,0
gambar mangan,0
suka ayam ultramarin kamsen ide suka ngeri ngeri ayam siang ampe sore ama temegun,0
suka bulbul,0
punya sahabat a takut tidak tau masa,0
awal kenal abang temegun yogi bicara hal buruk abang nonong suka,0
jujur suka malas selalu main nonong roma laif suka,0
perempuan tomboi suka antem,0
suka masak masak,0
suka kerani tahan banting,0
kaya suka gebuk suka musuh,0
suka gambar gambar bagus,0
kayak suka main pesawat not nota pesawat sampek geret mama ku teriak teriak sampek nang keta wiweka,0
kaya akua suka orang masuk kamariah kaya sikap nyak cewek,0
cerita mirip kane ken animo toko gaul cuman beda saja sih tapis suka,0
suka sangat,0
bros suka ikan,0
kayak kelas nama rafia kayak guit buncang buncang lawan nang bilang suka suka otot ngeong,0
a a ama sama suka drip ramai,0
panteis suka ikan,0
bandel suka jadi diam,0
nyak tidak suka pas liat derawa lifter nyak sedih juang akhir simpati,0
orang jepa kah suka gambar hebat banget,0
suka sangat video sedih sangat deh,0
siap ambil positif yogi negatif buang suka gaya sema kak hidup semua yogi bilang sangat trusa,0
papi juga suka poser lender suka warna merah,0
suka derawa lifter,0
suka video kakanda gambar,0
abang abang ku tidak suka masuk kamar nyak,0
nyoman keras orang tua suka antem,0
suka derawa lifter prangko,0
suka derawa lifter,0
donasi nyak bagus sangat suka sangat suka,0
ajir haru juga emang bandel liman teras nakal juga suka tura,0
semangat keren sangat suka nomor derawa liwet,0
suka toleransi agama,0
dek suka mati ikan suka poser rengas,0
hajah,0
knop bokar nyoman antem terus cerakin ikut nyoman jawab pece,0
ye a Maret a,0
punya dek adekuat tidak masuk derawa lifter sih,0
nasib mamang G ad taut G gus tinggal usaha ajak jengang pantang menoragia Allah orang guna,0
jepa sekolah nyak putih paket baju jepa,0
sumpah tanggal bulan lahir wiweka,0
tilam nyak,0
terima kasih abang berani,0
tanggal lahir nyak a Maret,0
emang dur uda liat psikopat bros bunuh ikan,0
uda angkak nih orang,0
krisolit nyak lembek kek getu bilang krisis hem sadar bros bros,0
nasi tau yogi dimensi a air ayam minyak susu campur telur bos,0
akhir tahun organ,0
kecap makan lio,0
akhir tahun a mana suara nyak,0
tidak paket air bangus air daeng dril,0
enak liat video kulit ayam wiweka,0
moga masuk master ce Indonesia,0
air air nyak bekas tangan air tidak kayak minyak nyak guit,0
rumah pancarona kah,0
ayam nyeri mentah,0
minyak,0
minyak air,0
makan cengap cengap kek,0
seberang mah yogi kurang wiweka cek wig,0
nonong bulan Oktober,0
pas nonong triplet cuti,0
juih pekak air bagus pekak Alquran,0
makan kaya anak mulut beloan,0
,0
viaduk prasetia yu,0
apok air ayam juih,0
gergeran wig kesi ayam cuci,0
minyak air,0
cengap,0
kesi karena wilangon liat sah banding wilangon nyata,0
padi bulbul nitrogen sih penasaran,0
ikut master ce,0
yogi kesi kroni tidak terima ayam wig damai sum ayam,0
ayam cuci dil tidak sih air angkak W,0
sumber pendeta,0
mantap,0
semangat mujur a jet sinyal gas,0
hot bareng om de,0
tank resep,0
gampang enak sumpah,0
suka santonin acara masak genahar bikin wiweka,0
jujur rindu hatta mulai,0
songar simpel enak topi suka,0
nonong puasa,0
daging ayam orgel suka sembarang bukti cewek gauk ayam,0
menu buka puasa,0
uduh coba rasa enak,0
feri deh putus,0
gendut bangsal liat pipi mirip tara W leher tutup,0
semangat bikin video,0
nasi wangi semprot parfum wiweka,0
gigit ayam hajah,0
bikin konten ni Legi,0
suka digitalin video dasar intelijen,0
sumpah yogi suka liat makan haudah jir gusah tonton hidup riben,0
sumpah ken manipol congor nyana,0
makan cengap,0
mending masak telor nyak paket mentega saja,0
bikin susuh rumah,0
tolong uda juang video terus hujat oke,0
kelok resep kanan selalu campur kenan jepa mending pindah negara,0
fotografer nyak bagus tutorial jelas liat rencat nasi goreng auto bad,0
salto peper andal,0
salto peper andal,0
enak makan dril pagi,0
ce,0
makan cengap kaya kuda,0
resep jun ce serius foto truk,0
masak makan tradisional Indonesia,0
dukung,0
koh dialek nyak edan,0
enak kasih kucing,0
tidak tau kepot garau bahas oranye gores wiweka,0
H tidak enak jadi orgel kenal gelak salah masa hujat sampa sekring uduh mulai ubah jadi lob baik sedikit sedikit H,0
parah kali klen mace uda bengker orang juga bos buah bega juga uda usaha baik Allah maaf hamba knop soka ngebut,0
biar masa sifat maaf nyak tahu uda kecewa tolong harga maaf doa untuk baik kembali,0
lantin salah terus benci waktu alangkah baik maaf salah doa pribadi baik,0
orang baik yogi benci,0
makan ku setaria mah ibu beset,0
tuah olet,0
keren,0
guna bos,0
piza cuman martabak indehoi kasih ayam sosis keju biar kelit megah,0
resep dril Delu ning,0
masak piza mite paket mite goreng,0
tidak meski master ce,0
pakai minyak tidak,0
kecap makan,0
piza mite mas makan,0
klise a,0
tidak ikut master,0
abang asu bikin lapel,0
paket mare tidak sih,0
sampa uda ski flis,0
ikut master sepasin a bukti bagas tidak komentar mulut mu mulut juri,0
manfaat tipis nyak masap masak jangan gnomon nyak pas makan paket cengap adeh,0
bikin restan,0
bikin toke tidak tau toke cari golong,0
komensal baik napal kagak usah bilang autisme lo bude gusah komensal masak konten,0
dukung lo,0
nyenyak martabak mite,0
juga juga keta okok,0
koh suami bikin masak istri,0
komensal negatif bodor inti ngengat konten nyak,0
a hidung kurang tempel kalian are pas Legi bakar hidung tempel,0
nama dari piza,0
uda pernah makan,0
tik diar masak kak guit tepi simpel riben,0
makan tiup,0
bikin makan ala anak kios kaya nyak seruru,0
biar coba waktu nasi tau paket a telor telor satu diuretik,0
pupa,0
yogi tuju si ikut master ce,0
nak toreh gim,0
orang hujat tidak substansial tidak intelektual tuju bikin video beri informasi alam grad mobil pribadi bude a juta jelas video tidak salah bicara nominal tuju untuk kasih tau harga antisipasi misal grad rupa sederhana lepas masalah radon masa lampau urus jauh nyaman lihat video lihat ubah video edit etika getu bohong semangat radon teriak info,0
mobil mad bos,0
keren banget,0
lokasi bos,0
toh video nyak syak juga milik toya calak jadi tau cara bikin calak tambah ganteng semangat trusa bikin video nyak jangan duli oceh receh yogi sesat,0
bas merkah bega,0
heiho laur umur kirita pikir selamat dewasa pikir butuh mirik gegadan salut orang laur punya apartemen punya mobil mudah milik masa sepan baik salam feri sehat rezeki,0
bangsat inspirasi banget moga sukses,0
bangsat asli video bengker bengker bagus anjing baru kali nonong yu net air mata T video derawa liwet nyak sukses,0
halter nyak asu kambeh,0
anjing semangat liat video fantasi berat selalu suportif,0
manta,0
ajir ikan racun bilang ikan kerapu daerah pulau ricau ikan yogi bilang si radon ikan kerapu nama ikan lepu ikan kerapu,0
manci bang,0
mintak satu,0
nama om andil,0
min naik motor,0
ikan garu,0
ikan yogi besar daerah sebut ikan tompel,0
lokasi sport manci nyak,0
muka kuya kontol,1
jijik,1
taiko,1
ayal are sok,1
garing kali bah si ni,1
mutu,1
bodor,1
sok nyak ni orang harga sebun,1
won disleksia nih video yuk,1
liat muka male sangat,1
busa lawak usap galak garing jinak,1
jet botak busut,1
gusah sok geladak drip garing karma ngilu anak buah komunitas bea,1
lawa nyak garing betok,1
ala sangat pacar nyak,1
cewek nyak cerewet sangat,1
pacar makan ribut kali,1
W apas totol,1
felon kaya lacur,1
bangsat rang,1
citra bangsat,1
citra bangsat,1
hapus cantel tidak guna bangsat,1
W derawa lifter palsu bangsat ngenas a angkat lompat tidak guna yu,1
yu kontol bohong mulus kerja paket daster,1
kontol,1
kontol gede sepi,1
kontol sifat enggak sangat anjing,1
hala kontol,1
derawa kontol,1
ha kontol nenek ama embak anjing juga,1
tidak mati,1
mati aji,1
basi cantel bohong todak mati aji bayi,1
mati,1
cerita ha aji,1
memek,1
sekring gapura tangan kanan lagi punya tum manfaat manfaat,1
si asu idu,1
asu,1
derawa lifter palsu sup sup sup asu,1
asu cok muka,1
artis anjing kritis,1
alap bilang sedih fusuk,1
fusuk citra,1
kucing ling,1
simile kafe,1
tabe anjing sok bacek tabe,1
geblek tulang,1
ken muntah anjing,1
ngengat sup,1
goblok si,1
knop tidak mati net,1
orgel nenen saja yogi ngilu goblok,1
goblok pi kanjeng,1
halakah ken sangat bilang bandel beda laden usah sokong guit elu mah ude goblok hasil evolusi gagal sampah adab kagak guna,1
log enggak pudat hari uda nang malu ya W mampus goblok,1
lilit usus goblok,1
yogi peduli ama idu goblok ala piston tolol,1
neko ye tolok,1
tolok,1
ceria positif todak,1
goblok penting todak main becek ajek,1
aktif bohong waktu,1
bohong mulus,1
bohong,1
won boyongan keren,1
palsu payah jelek ganteng bohong anja bohong tara payah,1
lo tahu derawa lifter nyak bohong masa video pertama derawa lifter,1
bohong,1
hadanah kintil,1
hilir kintil boyongan,1
senyum hari hilir kintil,1
jangan sok tau jadi orgel tolok,1
dasar pelak,1
yu pelit,1
sih kagak mati,1
anjing,1
iblis karat,1
yute bangsat,1
kebaya gaya tantang,1
goblok,1
taiko nih video,1
ibu,1
tidak jelas kampret,1
yute kontol sia,1
yu ganjen,1
tau tidak jelas,1
baco,1
ala iba,1
gaji ala,1
ala ni orgel knop tidak henti ngeri yu,1
ala kanjeng,1
ala tidak mutu,1
ala ajir,1
ala bencong,1
sih leban ala,1
ala anak autisme hiperaktif,1
sampah yu tidak pengaruh,1
culika autisme,1
bodor kampret,1
biar bangsat juang sok gaya tidak suka nyak knop video iri emang bego banget,1
muka tais,1
tais,1
konyol tais,1
muka kek tais,1
alah tais,1
tais setiga syah hanacaraka,1
jijik anjing,1
muka jahat W jelek ganteng orang papa hadanah upas,1
motivasi sih pos kayak gin,1
bagus kantin tikus rumah nih,1
dasar enggak punya otak,1
muka kayak jamban,1
daki muka kontol bangga guit punya anak hasil zina otak uduh peang,1
nekel tangguk puntung korek pas bapak bapak rasai bego ksi cewek aib buka had ngeri,1
koh cewek nyak kek orang bego sih lot tel parah,1
istri kaya beloon bet tanya katawi mula kaya si keki deh,1
orang tolol,1
bocah bocah goblok sok suci,1
sampah kacau banggan,1
sumpah gerapu jelek akhlak jelek kasihan istri cok nanah malu laki modal tato saja,1
anjing lem cena cantik syogun baik mbok rusak sema kontol anjing dasar sumpah,1
aji lem busut,1
bacot kaya orang bijak busuk angkak orgel kaya gin nenen hidup paramen,1
kaya orang bego malu malun orang tual bocah goblok tari bonyok,1
om idiot,1
anak kontol pilang pilang tolol nyak,1
kontol jaga lap bego,1
sampah,1
bacot,1
gonyel anak haram luar nikah,1
bodoh faedah buka aib jelek bangga,1
goblok ya,1
sibak haiking enek wiweka,1
tel lugu,1
matres,1
haram anjing,1
dua manusia keren goblok,1
gnomon sih lem kagak jelas blepot,1
bacot anjing,1
goblok kali reda,1
goblok bangga,1
yogi rasa bini nyak cakep pedak konyak panglong tanya jib mesem trusa,1
laki goblok cewek parah goblok cok gantel asu,1
anak haram bangga anak haram tur G raja goblok,1
tato tidak narkose tukang kentut anak orgel iya panus drama gajak orgel tolol kak rames berita ngengat goblok jamang iwad ngengat dasar celang servis,1
busuk,1
bocah ingus bacot kanto rap asu mukena bangsat,1
rap kontol tampang are culun paket tato elo kit batin rap lawas,1
receh anjing,1
sumpah goblok banget,1
mati koin janik,1
mampus leka omong keluarga istri,1
idiot kulah blokir bareng,1
bangga guit hamil anak orang otak tuhu paket goblok hamil anak orang terus paket klarifikasi segala tua nyak gerawat susah susah e akhir paket sih anjing dasar goblok gapura otak lem,1
hilir kintil lem,1
we anak haram,1
usak terus bangsa kaya gin wajib hangus,1
cabul,1
bocah dungu,1
boi tolol,1
net goblok,1
anak ulang bacot dasar generasi cingak didik,1
ngenas jijik liat orgel tato cuh syogun lem kota injak tur muka,1
dek bilang bacot tur gegar busut,1
kontol stres lender makan hajah,1
lah bacot amat,1
tolol abidin konten disleksia liku tuhu otak,1
buang buang belat aji kontol,1
lap bodoh syogun lem tato anjing haram babi puki asana haram,1
naning bet bacot,1
jantuk cuk bacot bacot,1
lap goblok yang goblok,1
galas kontol,1
nyata bengker bego,1
tidak jelas lagu cing anjing,1
bodor bodor bacot,1
laba,1
anjing,1
fusuk,1
geblek topi kasar bahasa aji faedah bangsat,1
si jelek anjing,1
jelepak kayak mukena lo anjing,1
video tais,1
video celis buruk panjang sejarah,1
ha setan katai ad otak nyana mantap,1
jir gila atau malu sangat,1
ngeri gas ngengat,1
ni si celek nyampang doang,1
suka syogun lem goblok nyak natural,1
lagu sampah,1
lagu kontol,1
kaya kontol,1
medan tidak orgel gila kek uda mati tabrak,1
suka lihat wajah,1
dasar feri marfuk,1
auk disleksia bagor W,1
ela bacot,1
minum jus biar rasa malu,1
kek bencong gaya gnomon nih anak,1
janik,1
banci cundang nyak,1
ngengat,1
alah pelesir,1
taiko citra,1
oli mati,1
padan si bocah geblek,1
padan si bocah geblek,1
hulu tipu,1
cekcok kacau manusia punya malu,1
potong malu cun,1
sinjang subsider ambah subsider baru atau masalah ni orgel kali,1
bocah culun,1
cantel penuh bohong bodoh citra sandiwara a ni obor perkara tenar bodoh fantasi dengan ucap istimewa ha,1
bodor cundang,1
halter kuya banci,1
jus nyambing pelesir cun cara punya pelesir lari nyata non non,1
jelas idiot,1
bulai,1
yogi gerisik goblok video untuk sehat,1
pindah main masam maaf enggak pencut,1
log halus nih orang,1
gapai cun ngebet,1
miskin ni orgel W,1
bisik mukena sensor laur narasumber log cerita sibuk kepetang kek nyamik kima,1
yu songong,1
pasang ala kampung,1
tau busut,1
radon tinggal,1
soto yogi pertama kici,1
apas kontol,1
garba,1
yu geblek,1
toke si feri uda luih cium,1
toke leli besar ajir,1
notulis yogi bengker geblek,1
pacar cakep sangat bugil,1
banyak log,1
publik renyem,1
junub,1
memek,1
bocok lurah bik,1
punya babu idiot,1
idiot tuhu dua orang sih banyak yogi gauk,1
autisme si,1
gua benci,1
si radon goblok lang asli,1
belau,1
orang kontol muka bumi,1
bencong sangat,1
dasar anja,1
anjing,1
neraka,1
wosi net hidup,1
kontol,1
won memek,1
ikan kontol,1
